<?xml version="1.0" encoding="UTF-8"?>
<project-private xmlns="http://www.netbeans.org/ns/project-private/1">
    <editor-bookmarks xmlns="http://www.netbeans.org/ns/editor-bookmarks/2" lastBookmarkId="0"/>
    <open-files xmlns="http://www.netbeans.org/ns/projectui-open-files/2">
        <group>
            <file>file:/E:/NetBeans%20Projects/QLHoKhau/src/dao/CaHoChuyenDAO.java</file>
            <file>file:/E:/NetBeans%20Projects/QLHoKhau/src/dao/CheckNhanKhauDAO.java</file>
            <file>file:/E:/NetBeans%20Projects/QLHoKhau/src/qlhokhauController/TamVangController.java</file>
            <file>file:/E:/NetBeans%20Projects/QLHoKhau/src/dao/DoiChuHoDAO.java</file>
            <file>file:/E:/NetBeans%20Projects/QLHoKhau/src/dao/TamVangDAO.java</file>
            <file>file:/E:/NetBeans%20Projects/QLHoKhau/src/qlhokhauController/CaHoChuyenController.java</file>
            <file>file:/E:/NetBeans%20Projects/QLHoKhau/src/dao/ThongBaoDAO.java</file>
            <file>file:/E:/NetBeans%20Projects/QLHoKhau/src/qlhokhauController/DoiChuHoController.java</file>
            <file>file:/E:/NetBeans%20Projects/QLHoKhau/src/dao/CheckHoKhauDAO.java</file>
            <file>file:/E:/NetBeans%20Projects/QLHoKhau/src/dao/QuaDoiDAO.java</file>
            <file>file:/E:/NetBeans%20Projects/QLHoKhau/src/qlhokhauController/QuaDoiController.java</file>
        </group>
    </open-files>
</project-private>
