<?xml version="1.0" encoding="UTF-8"?>
<project-private xmlns="http://www.netbeans.org/ns/project-private/1">
    <editor-bookmarks xmlns="http://www.netbeans.org/ns/editor-bookmarks/2" lastBookmarkId="0"/>
    <open-files xmlns="http://www.netbeans.org/ns/projectui-open-files/2">
        <group>
            <file>file:/E:/NetBeans%20Projects/QLHoKhau/QLHoKhau/src/model/NhanKhau.java</file>
            <file>file:/E:/NetBeans%20Projects/QLHoKhau/QLHoKhau/src/common/Config.java</file>
            <file>file:/E:/NetBeans%20Projects/QLHoKhau/QLHoKhau/src/qlhokhauController/NhanKhauController.java</file>
        </group>
    </open-files>
</project-private>
